priority,route,primary_search_intent,supporting_topics,content_role
1,/video-production/,video production company in India,"video production company Mumbai; global video production partner; corporate and brand films",Production overview and specialist-service directory
1,/video-production/digital-ad-films/,digital ad film production company,"ad film agency India; digital advertising films; commercial video production",Campaign and advertising-film service
1,/video-production/brand-films/,brand film production company,"brand storytelling agency; corporate brand film; employer brand video",Strategy-led brand-film service
1,/video-production/corporate-communication-videos/,corporate communication video production,"internal communication videos; leadership videos; employer branding films; GCC communication",Enterprise and employee-communication service
1,/video-production/corporate-films/,corporate video production company,"corporate film production India; company profile video; manufacturing film",Corporate capability and stakeholder-film service
1,/video-production/brand-anthem-videos/,brand anthem video production,"brand anthem company India; purpose film; original brand music",Purpose and culture-film service
1,/video-production/micro-drama/,micro drama production company India,"vertical drama production; episodic short video; branded entertainment",Mobile-first episodic-storytelling service
1,/video-production/ai-video-production/,AI video production agency India,"AI advertising video; generative video production; AI brand film",Human-directed AI-assisted production service
1,/video-production/testimonial-videos/,testimonial video production company,"customer testimonial video; leadership interview; employee story video",Credible human-story service
1,/video-production/explainer-videos/,explainer video production company,"SaaS explainer video; app walkthrough; fintech explainer; onboarding video",Complexity-to-clarity service
1,/video-production/2d-animation/,2D animation video production company,"motion graphics agency; animated explainer; corporate animation",Animation and motion-design service
1,/video-production/product-videos/,product video production company,"product demo video; ecommerce product video; launch film",Product storytelling and demonstration service
1,/video-production/social-media-videos/,social media video production company,"reels production; short-form video; recurring video content",Short-form and recurring-content service
1,/video-production/drone-videography/,drone videography services India,"aerial video production; real estate drone video; infrastructure filming",Aerial-production service
2,/video-production/commercial-photography/,commercial photography services India,"corporate photography; product photoshoot; workplace photography",Still-image production service
2,/video-production/video-podcasts/,video podcast production agency,"branded podcast production; multi-camera podcast; leadership podcast",Long-form conversation service
2,/video-production/short-films/,short film production company India,"branded short film; social impact film; episodic content",Cinematic short-form service
1,/brand-creative/brand-strategy-management/,brand strategy agency India,"brand positioning; brand management; messaging architecture; global brand strategy",Brand direction and governance service
1,/brand-creative/logo-visual-identity/,logo and visual identity design agency,"logo design company India; visual identity system; rebranding agency",Identity-system service
2,/brand-creative/internal-branding/,internal branding agency India,"office branding; workplace communication; factory branding; employer brand spaces",Environmental and employee-communication service
2,/brand-creative/exhibitions-events/,exhibition and event branding agency,"exhibition stall design; corporate event branding; experiential marketing",Live brand-experience service
1,/digital-marketing/,digital growth services for global brands,"digital marketing agency India; integrated digital strategy; customer journey",Digital-growth overview
1,/digital-marketing/social-media-marketing/,social media marketing agency India,"social strategy; content planning; community management",Audience and community service
1,/digital-marketing/ppc-advertising/,PPC advertising agency India,"paid search; paid social; performance advertising",Paid-acquisition service
1,/digital-marketing/content-marketing/,content marketing agency India,"B2B content; brand content strategy; multi-market content",Content-system service
2,/digital-marketing/email-marketing/,email marketing services,"permission-based email; lifecycle communication; CRM content",Customer-communication service
1,/digital-marketing/website-design-development/,website development company India,"global corporate website; responsive web design; ecommerce development",Owned-experience service
1,/digital-marketing/marketplace-management/,marketplace management agency India,"Amazon marketplace management; ecommerce listings; marketplace advertising",Third-party-commerce service
2,/digital-marketing/strategy-consultation/,digital marketing strategy consulting,"channel strategy; measurement plan; global digital roadmap",Planning and governance service
1,/seo/,SEO and search growth services,"technical SEO India; ecommerce SEO; content-led SEO; global SEO",Search-growth overview
1,/work/,brand communication case studies,"branding case studies India; video production portfolio; integrated marketing work",Proof hub mapped to six main services
1,/about/,global brand communications partner,"Mumbai creative agency; India video production partner; integrated brand agency",Company positioning and collaboration model
