route,buyer_question,primary_intent,primary_topic,country_language_database,research_date,data_source,volume,difficulty,cpc,existing_url,competing_urls,business_relevance,evidence,differentiation,priority,limitations
/,Who is Ambest and which division fits?,agency_evaluation,"SEO video production digital marketing","India; English; database not retrieved",2026-09-22,"A01-A03; brief",not_retrieved,not_retrieved,not_retrieved,https://www.ambestbrandcom.in/,not_retrieved,5,"company story; service inventory","three clear divisions and truthful proof governance",P1,"destination ownership unverified"
/seo/,Is Ambest suitable for organic acquisition?,commercial_evaluation,SEO services,"India; English; database not retrieved",2026-09-22,"A05; brief",not_retrieved,not_retrieved,not_retrieved,"legacy Mumbai SEO route",not_retrieved,5,"current capability inventory","four problem-led paths",P1,"quantitative demand not retrieved"
/seo/how-it-works/,Which SEO engagement fits?,scope_selection,SEO process,"India; English; database not retrieved",2026-09-22,brief,not_retrieved,not_retrieved,not_retrieved,,not_retrieved,5,"proposed scopes","comparison by fit inputs boundaries measures",P1,"commercial terms need approval"
/seo/technical-seo/,What must be fixed or preserved?,commercial_evaluation,technical SEO,"India; English; database not retrieved",2026-09-22,"A05; T03; brief",not_retrieved,not_retrieved,not_retrieved,,not_retrieved,5,"technical inventory","audit implementation and migration boundaries",P1,"live site audit not completed"
/seo/local-seo/,How should a real local presence be represented?,commercial_evaluation,local SEO,"India; English; database not retrieved",2026-09-22,"A05; A03; brief",not_retrieved,not_retrieved,not_retrieved,,not_retrieved,4,"published contacts","eligibility before city pages",P1,"location operations need confirmation"
/seo/content-led-seo/,How can expertise become useful search content?,commercial_evaluation,content-led SEO,"India; English; database not retrieved",2026-09-22,"A05; A22; brief",not_retrieved,not_retrieved,not_retrieved,,not_retrieved,4,"archive and proposed workflow","intent-to-page decisions",P1,"expert input required"
/seo/ecommerce-seo/,Where should store SEO begin?,commercial_evaluation,ecommerce SEO,"India; English; database not retrieved",2026-09-22,"A05; A12; brief",not_retrieved,not_retrieved,not_retrieved,,not_retrieved,4,"commerce project scope","catalogue and facet decisions",P1,"channel metrics blocked"
/video-production/,Which video format fits the objective?,agency_evaluation,video production,"India; English; database not retrieved",2026-09-22,"A01; A10; A11; A23",not_retrieved,not_retrieved,not_retrieved,https://www.ambestbrandcom.in/,not_retrieved,5,"source-listed production inventory","purpose before technique",P1,"media permissions pending"
/video-production/how-it-works/,What changes the production scope?,scope_selection,video production process,"India; English; database not retrieved",2026-09-22,"A10; A11; brief",not_retrieved,not_retrieved,not_retrieved,,not_retrieved,5,"documented/proposed workflow","approval gates and quote drivers",P1,"commercial quantities unapproved"
/digital-marketing/,Which channels belong in the plan?,agency_evaluation,digital marketing services,"India; English; database not retrieved",2026-09-22,"A06-A09; brief",not_retrieved,not_retrieved,not_retrieved,"legacy Mumbai digital route",not_retrieved,5,"seven current services","channel role and accountability",P1,"platform capability confirmation varies"
/work/,What has Ambest actually delivered?,evidence_evaluation,case studies,"India; English; database not retrieved",2026-09-22,"A12-A21",not_retrieved,not_retrieved,not_retrieved,"legacy project URLs",not_retrieved,5,"ten named records","one canonical qualitative-first collection",P1,"media and metrics gated"
/blog/,What should a buyer know before commissioning work?,informational,marketing guides,"India; English; database not retrieved",2026-09-22,"A22-A24",not_retrieved,not_retrieved,not_retrieved,https://www.ambestbrandcom.in/blog/,not_retrieved,4,"existing archive","decision-led categories and preserved dates",P2,"full archive inventory incomplete"
