url,path,section,status,title,meta_description,h1,canonical
"https://www.ambestbrandcom.in/","/","home","200","Leading Video Production Company in Mumbai, India | Ambest Brandcom","Ambest Brandcom is the leading video production agency in Mumbai, India. Get professional video editing services, corporate films, and brand videos. Contact us!","India’s Leading Premium Ad Film Production House for Ambitious Brands","https://www.ambestbrandcom.in/"
"https://www.ambestbrandcom.in/2d-animation-video-production/","/2d-animation-video-production/","video-production","200","2D Animation Video Production Company in Mumbai | Explainer, Motion Graphics & Corporate Animation","Ambest Brandcom creates premium 2D animation videos, explainer videos, product animations, SaaS demos, motion graphics, healthcare animations, corporate training videos and internal communication animations that simplify complex ideas and drive business growth.","2D Animation Video Production Company in Mumbai","https://www.ambestbrandcom.in/2d-animation-video-production/"
"https://www.ambestbrandcom.in/aarya-menstrual-care/","/aarya-menstrual-care/","other","200","Aarya Menstrual Care - Ambest Brand Communication Agency","Aarya Menstrual CareFrom Basics to AdvancedAuthenticity at the Core","","https://www.ambestbrandcom.in/aarya-menstrual-care/"
"https://www.ambestbrandcom.in/about-us/","/about-us/","other","200","Leading Brand Communication & Video Production Agency in Mumbai, India","Learn about Ambest Brandcom, a leading Mumbai-based brand communication, corporate video production, digital marketing, and advertising agency with 20+ years of experience helping brands grow through creativity and strategy.","Inside India’s Rising Creative Video Production Agency","https://www.ambestbrandcom.in/about-us/"
"https://www.ambestbrandcom.in/ad-films/brand-storytelling-films/","/ad-films/brand-storytelling-films/","video-production","200","Brand storytelling films - Ambest Brand Communication Agency","","Brand storytelling films","https://www.ambestbrandcom.in/ad-films/brand-storytelling-films/"
"https://www.ambestbrandcom.in/ad-films/corporate-and-employer-branding-films/","/ad-films/corporate-and-employer-branding-films/","video-production","200","Corporate and employer branding films - Ambest Brand Communication Agency","","Corporate and employer branding films","https://www.ambestbrandcom.in/ad-films/corporate-and-employer-branding-films/"
"https://www.ambestbrandcom.in/ad-films/performance-and-conversion-focused-video-ads/","/ad-films/performance-and-conversion-focused-video-ads/","video-production","200","Performance and conversion-focused video ads - Ambest Brand Communication Agency","","Performance and conversion-focused video ads","https://www.ambestbrandcom.in/ad-films/performance-and-conversion-focused-video-ads/"
"https://www.ambestbrandcom.in/ad-films/product-and-launch-films/","/ad-films/product-and-launch-films/","video-production","200","Product and launch films - Ambest Brand Communication Agency","","Product and launch films","https://www.ambestbrandcom.in/ad-films/product-and-launch-films/"
"https://www.ambestbrandcom.in/ad-films/social-media-ad-films/","/ad-films/social-media-ad-films/","video-production","200","Social media ad films - Ambest Brand Communication Agency","","Social media ad films","https://www.ambestbrandcom.in/ad-films/social-media-ad-films/"
"https://www.ambestbrandcom.in/ai-video-production/","/ai-video-production/","video-production","200","AI Video Production Agency in Mumbai, India | AI Video Services","AI video production agency in Mumbai offering AI-powered advertising videos, brand films and marketing videos for startups, brands and businesses.","AI Video Production Agency in Mumbai","https://www.ambestbrandcom.in/ai-video-production/"
"https://www.ambestbrandcom.in/ai-video-production/ai-concept-development/","/ai-video-production/ai-concept-development/","video-production","200","AI Concept Development - Ambest Brand Communication Agency","Our creative team develops innovative video concepts using AI-driven visual possibilities and storytelling techniques.","AI Concept Development","https://www.ambestbrandcom.in/ai-video-production/ai-concept-development/"
"https://www.ambestbrandcom.in/ai-video-production/ai-video-generation/","/ai-video-production/ai-video-generation/","video-production","200","AI Video Generation - Ambest Brand Communication Agency","Using advanced AI tools, we generate visuals, animations, avatars, and voiceovers for the video.","AI Video Generation","https://www.ambestbrandcom.in/ai-video-production/ai-video-generation/"
"https://www.ambestbrandcom.in/ai-video-production/final-editing-delivery/","/ai-video-production/final-editing-delivery/","video-production","200","Final Editing & Delivery - Ambest Brand Communication Agency","The video is polished with professional editing, sound design, and motion graphics before final delivery.","Final Editing & Delivery","https://www.ambestbrandcom.in/ai-video-production/final-editing-delivery/"
"https://www.ambestbrandcom.in/ai-video-production/human-creative-enhancement/","/ai-video-production/human-creative-enhancement/","video-production","200","Human Creative Enhancement - Ambest Brand Communication Agency","Our creative professionals refine the AI-generated content to ensure high production quality and brand consistency.","Human Creative Enhancement","https://www.ambestbrandcom.in/ai-video-production/human-creative-enhancement/"
"https://www.ambestbrandcom.in/ai-video-production/script-storyboard-creation/","/ai-video-production/script-storyboard-creation/","video-production","200","Script & Storyboard Creation - Ambest Brand Communication Agency","We create a structured script and storyboard to define the narrative and visual flow of the video.","Script & Storyboard Creation","https://www.ambestbrandcom.in/ai-video-production/script-storyboard-creation/"
"https://www.ambestbrandcom.in/ai-video-production/understanding-brand-objectives/","/ai-video-production/understanding-brand-objectives/","video-production","200","Understanding Brand Objectives - Ambest Brand Communication Agency","We begin by understanding your brand, audience, and marketing goals to ensure the video aligns with your business strategy.","Understanding Brand Objectives","https://www.ambestbrandcom.in/ai-video-production/understanding-brand-objectives/"
"https://www.ambestbrandcom.in/ai/corporate-b2b-enterprises/","/ai/corporate-b2b-enterprises/","other","200","Corporate & B2B Enterprises - Ambest Brand Communication Agency","For internal branding, change communication, and leadership positioning, we work with B2B giants to strengthen their internal culture and external influence using AI tools.","Corporate & B2B Enterprises","https://www.ambestbrandcom.in/ai/corporate-b2b-enterprises/"
"https://www.ambestbrandcom.in/ai/education-edtech/","/ai/education-edtech/","other","200","Education & EdTech - Ambest Brand Communication Agency","From student engagement to course promotion, we deploy AI-driven communication to attract, convert, and retain learners in both traditional and digital-first institutions.","Education & EdTech","https://www.ambestbrandcom.in/ai/education-edtech/"
"https://www.ambestbrandcom.in/ai/finance-insurance-fintech/","/ai/finance-insurance-fintech/","other","200","Finance, Insurance & Fintech - Ambest Brand Communication Agency","We simplify financial communication, personalize client interactions, and ensure regulatory alignment through AI-enabled content and campaign strategies.","Finance, Insurance & Fintech","https://www.ambestbrandcom.in/ai/finance-insurance-fintech/"
"https://www.ambestbrandcom.in/ai/fmcg-fast-moving-consumer-goods/","/ai/fmcg-fast-moving-consumer-goods/","other","200","FMCG (Fast-Moving Consumer Goods) - Ambest Brand Communication Agency","With real-time market analysis, predictive consumer behaviour models, and AI-based content deployment, we help FMCG brands stay fresh, fast, and relevant in highly competitive markets.","FMCG (Fast-Moving Consumer Goods)","https://www.ambestbrandcom.in/ai/fmcg-fast-moving-consumer-goods/"
"https://www.ambestbrandcom.in/ai/gaming-entertainment/","/ai/gaming-entertainment/","other","200","Leading Video Production Company in Mumbai, India | Ambest Brandcom","Ambest Brandcom is the leading video production agency in Mumbai, India. Get professional video editing services, corporate films, and brand videos. Contact us!","India’s Leading Premium Ad Film Production House for Ambitious Brands","https://www.ambestbrandcom.in/"
"https://www.ambestbrandcom.in/ai/hospitality-travel/","/ai/hospitality-travel/","other","200","Hospitality & Travel - Ambest Brand Communication Agency","We create data-driven campaigns for hotels and travel companies, enhancing guest experiences, loyalty programs, and booking journeys through smart automation and AI personalization.","Hospitality & Travel","https://www.ambestbrandcom.in/ai/hospitality-travel/"
"https://www.ambestbrandcom.in/ai/hospitals-multispecialty-clinics/","/ai/hospitals-multispecialty-clinics/","other","200","Hospitals & Multispecialty Clinics - Ambest Brand Communication Agency","From patient acquisition strategies and chatbot-based assistance to digital branding of new centers, we deliver 360° communication solutions for healthcare institutions.","Hospitals & Multispecialty Clinics","https://www.ambestbrandcom.in/ai/hospitals-multispecialty-clinics/"
"https://www.ambestbrandcom.in/ai/life-sciences-biotechnology/","/ai/life-sciences-biotechnology/","other","200","Life Sciences & Biotechnology - Ambest Brand Communication Agency","We support biotech innovators in simplifying complex scientific narratives, securing investor interest, and navigating product commercialization with powerful AI-backed communication.","Life Sciences & Biotechnology","https://www.ambestbrandcom.in/ai/life-sciences-biotechnology/"
"https://www.ambestbrandcom.in/ai/manufacturing-industrial/","/ai/manufacturing-industrial/","other","200","Manufacturing & Industrial - Ambest Brand Communication Agency","We aid industrial brands in transforming technical capabilities into compelling brand stories—using AI to translate specs into value propositions that resonate with buyers and partners.","Manufacturing & Industrial","https://www.ambestbrandcom.in/ai/manufacturing-industrial/"
"https://www.ambestbrandcom.in/ai/pharmaceuticals-healthcare-4/","/ai/pharmaceuticals-healthcare-4/","other","200","Pharmaceuticals & Healthcare - Ambest Brand Communication Agency","From brand launches and doctor engagement to patient education and digital detailing, we help leading pharma and MedTech companies communicate with empathy, accuracy, and compliance—powered by AI insights.","Pharmaceuticals & Healthcare","https://www.ambestbrandcom.in/ai/pharmaceuticals-healthcare-4/"
"https://www.ambestbrandcom.in/ai/real-estate-infrastructure/","/ai/real-estate-infrastructure/","other","200","Real Estate & Infrastructure - Ambest Brand Communication Agency","With AI-generated project marketing, virtual walkthroughs, and automated lead handling, we enhance visibility and sales velocity for real estate brands.","Real Estate & Infrastructure","https://www.ambestbrandcom.in/ai/real-estate-infrastructure/"
"https://www.ambestbrandcom.in/ai/retail-e-commerce/","/ai/retail-e-commerce/","other","200","Retail & E-Commerce - Ambest Brand Communication Agency","Through product recommendation engines, dynamic pricing strategies, and automated remarketing campaigns, we help retailers personalize shopping journeys and boost conversions.","Retail & E-Commerce","https://www.ambestbrandcom.in/ai/retail-e-commerce/"
"https://www.ambestbrandcom.in/ambest-search-growth/","/ambest-search-growth/","seo","200","B2B SEO Agency for Manufacturers | SEO & AI Search | Ambest","B2B SEO agency helping manufacturers and industrial companies grow visibility across Google and AI search. Technical SEO, content, authority, international SEO and AI search optimisation.","B2B SEO & AI Search Growth for Manufacturers and Industrial Companies","https://www.ambestbrandcom.in/ambest-search-growth/"
"https://www.ambestbrandcom.in/artificial-intelligence-ai-marketing-agency-mumbai/","/artificial-intelligence-ai-marketing-agency-mumbai/","other","200","AI Marketing Services Agency in Mumbai, India - Ambest Brandcom","Leading AI marketing agency in Mumbai delivering intelligent, data-driven AI marketing services to boost performance, leads & conversions.","","https://www.ambestbrandcom.in/artificial-intelligence-ai-marketing-agency-mumbai/"
"https://www.ambestbrandcom.in/best-brand-management-and-advertising-agency-company-mumbai/","/best-brand-management-and-advertising-agency-company-mumbai/","brand-creative","200","Best Brand Management & Branding Agency in Mumbai, India - Ambest Brandcom","Leading brand management and advertising company in Mumbai offering branding, advertising & brand communication services to build powerful brands.","","https://www.ambestbrandcom.in/best-brand-management-and-advertising-agency-company-mumbai/"
"https://www.ambestbrandcom.in/best-corporate-video-production-services-company-agency-mumbai/","/best-corporate-video-production-services-company-agency-mumbai/","video-production","200","Best Corporate Video Production Company in Mumbai, India | Ambest Brandcom","Ambest Brandcom offers the best corporate video production services in Mumbai. Professional filmmakers, editors, and creators delivering high-impact brand films and promos.","India’s Leading Premium Ad Film Production House for Ambitious Brands","https://www.ambestbrandcom.in/best-corporate-video-production-services-company-agency-mumbai/"
"https://www.ambestbrandcom.in/best-logo-design-services-agency-company-mumbai/","/best-logo-design-services-agency-company-mumbai/","brand-creative","200","Best Logo Design Company in Mumbai, India – Ambest Brandcom","Ambest Brandcom is the best logo design company in Mumbai offering creative, custom, and professional logo design services that help your brand stand out.","B e s t L o g o D e s i g n C o m p a n y i n M u m b a i f o r Y o u r B r a n d i n g N e e d s","https://www.ambestbrandcom.in/best-logo-design-services-agency-company-mumbai/"
"https://www.ambestbrandcom.in/bhoomi/","/bhoomi/","other","200","Bhoomi - Ambest Brand Communication Agency","Old LogoNew LogoLogo RationaleThe structured square frame represents stability and strong foundations, core values in real estate. Its geometric border adds","","https://www.ambestbrandcom.in/bhoomi/"
"https://www.ambestbrandcom.in/blog/","/blog/","insight","200","Blog - Ambest Brand Communication Agency","Latest Blogs","","https://www.ambestbrandcom.in/blog/"
"https://www.ambestbrandcom.in/blog/advertising-agency-in-mumbai-boost-your-business-with-the-experts/","/blog/advertising-agency-in-mumbai-boost-your-business-with-the-experts/","insight","200","Advertising Agency in Mumbai: Boost Your Business with the Experts - Ambest Brand Communication Agency","Are you a business owner in Mumbai looking to maximize your reach, enhance brand visibility, and boost sales? Look no further than an advertising agency in","Advertising Agency in Mumbai: Boost Your Business with the Experts","https://www.ambestbrandcom.in/blog/advertising-agency-in-mumbai-boost-your-business-with-the-experts/"
"https://www.ambestbrandcom.in/blog/ai-and-e-a-t-how-artificial-intelligence-is-shaping-online-credibility/","/blog/ai-and-e-a-t-how-artificial-intelligence-is-shaping-online-credibility/","insight","200","AI and E-A-T: How Artificial Intelligence is Shaping Online Credibility - Ambest Brand Communication Agency","Artificial Intelligence (AI) is no longer just a buzzword. It’s becoming increasingly prevalent in our daily lives, and the impact it’s having on online","AI and E-A-T: How Artificial Intelligence is Shaping Online Credibility","https://www.ambestbrandcom.in/blog/ai-and-e-a-t-how-artificial-intelligence-is-shaping-online-credibility/"
"https://www.ambestbrandcom.in/blog/ai-in-digital-marketing-trends-2026/","/blog/ai-in-digital-marketing-trends-2026/","insight","200","AI in Digital Marketing Trends 2026 - Ambest Brand Communication Agency","Artificial Intelligence (AI) is rapidly transforming the digital marketing landscape, presenting new opportunities and challenges for businesses worldwide. As","AI in Digital Marketing Trends 2026","https://www.ambestbrandcom.in/blog/ai-in-digital-marketing-trends-2026/"
"https://www.ambestbrandcom.in/blog/ai-video-production-for-brands/","/blog/ai-video-production-for-brands/","insight","200","AI Video Production for Brands | AI Video Company Mumbai","Discover how AI Video Production is transforming corporate and marketing videos through AI-generated visuals, voiceovers, avatars, editing and scalable brand storytelling.","AI Video Production for Brands: How AI Is Transforming Corporate and Marketing Videos","https://www.ambestbrandcom.in/blog/ai-video-production-for-brands/"
"https://www.ambestbrandcom.in/blog/boosting-your-online-presence-the-art-of-website-optimization/","/blog/boosting-your-online-presence-the-art-of-website-optimization/","insight","200","Boosting Your Online Presence: The Art of Website Optimization - Ambest Brand Communication Agency","In today’s digital age, having a website is essential for any business to succeed. However, simply having a website is not enough. Your website needs to be","Boosting Your Online Presence: The Art of Website Optimization","https://www.ambestbrandcom.in/blog/boosting-your-online-presence-the-art-of-website-optimization/"
"https://www.ambestbrandcom.in/blog/brands-invest-more-in-social-media-marketing-strategy/","/blog/brands-invest-more-in-social-media-marketing-strategy/","insight","200","Brands Invest More in Social Media Marketing Strategy - Ambest Brand Communication Agency","Social media is now considered a powerful platform for marketing in business. Hence, the top brands are using social media marketing strategies and hiring the","Brands Invest More in Social Media Marketing Strategy","https://www.ambestbrandcom.in/blog/brands-invest-more-in-social-media-marketing-strategy/"
"https://www.ambestbrandcom.in/blog/building-an-effective-ecommerce-marketing-strategy-a-comprehensive-guide/","/blog/building-an-effective-ecommerce-marketing-strategy-a-comprehensive-guide/","insight","200","Building an Effective eCommerce Marketing Strategy – A Comprehensive Guide - Ambest Brand Communication Agency","Welcome to the world of eCommerce marketing! In this ever-evolving digital landscape, building an effective eCommerce marketing strategy is like","Building an Effective eCommerce Marketing Strategy – A Comprehensive Guide","https://www.ambestbrandcom.in/blog/building-an-effective-ecommerce-marketing-strategy-a-comprehensive-guide/"
"https://www.ambestbrandcom.in/blog/captivate-your-audience-with-professional-corporate-video-production-services/","/blog/captivate-your-audience-with-professional-corporate-video-production-services/","insight","200","Captivate Your Audience with Professional Corporate Video Production Services - Ambest Brand Communication Agency","In today’s digital age, where attention spans are fleeting and competition for consumer engagement is fierce, businesses must find innovative ways to capture","Captivate Your Audience with Professional Corporate Video Production Services","https://www.ambestbrandcom.in/blog/captivate-your-audience-with-professional-corporate-video-production-services/"
"https://www.ambestbrandcom.in/blog/content-isnt-enough-you-need-much-more/","/blog/content-isnt-enough-you-need-much-more/","insight","200","Content isn’t Enough… You Need Much More! - Ambest Brand Communication Agency","Social media has turned each one of us into a content creator. While anyone can post content, it doesn’t mean everyone is great at it. When you go through","Content isn’t Enough… You Need Much More!","https://www.ambestbrandcom.in/blog/content-isnt-enough-you-need-much-more/"
"https://www.ambestbrandcom.in/blog/corporate-video-production-process-explained/","/blog/corporate-video-production-process-explained/","insight","200","Corporate Video Production Process Explained | Professional Video Production Company Mumbai","Learn the complete corporate video production process from scripting to shooting, editing, sound design, and final delivery. Discover how professional corporate films are created with Ambest Brandcom, a leading video production agency in Mumbai.","Corporate Video Production Process Explained: From Script to Screen","https://www.ambestbrandcom.in/blog/corporate-video-production-process-explained/"
"https://www.ambestbrandcom.in/blog/corporate-video-vs-ad-film-difference/","/blog/corporate-video-vs-ad-film-difference/","insight","200","Corporate Video vs Ad Film: What’s the Difference? - Ambest Brand Communication Agency","A corporate video is designed to communicate your company’s story, values, capabilities, and credibility. It’s more informative, trust-driven, and long-term","Corporate Video vs Ad Film: What’s the Difference?","https://www.ambestbrandcom.in/blog/corporate-video-vs-ad-film-difference/"
"https://www.ambestbrandcom.in/blog/cracking-the-code-effective-global-digital-marketing-strategies-for-2026/","/blog/cracking-the-code-effective-global-digital-marketing-strategies-for-2026/","insight","200","Cracking the Code – Effective Global Digital Marketing Strategies for 2026 - Ambest Brand Communication Agency","As businesses increasingly shift toward digital platforms, the importance of crafting effective digital marketing strategies cannot be overstated. With the","Cracking the Code – Effective Global Digital Marketing Strategies for 2026","https://www.ambestbrandcom.in/blog/cracking-the-code-effective-global-digital-marketing-strategies-for-2026/"
"https://www.ambestbrandcom.in/blog/digital-marketing-agencies-your-business-journey-to-success/","/blog/digital-marketing-agencies-your-business-journey-to-success/","insight","200","Digital Marketing Agencies – Your Business Journey to Success - Ambest Brand Communication Agency","Are you searching for a digital marketing strategy that will give a boost to your business? Taking services from digital marketing companies is the","Digital Marketing Agencies – Your Business Journey to Success","https://www.ambestbrandcom.in/blog/digital-marketing-agencies-your-business-journey-to-success/"
"https://www.ambestbrandcom.in/blog/digital-marketing-decoded-unveiling-the-secrets-to-online-success/","/blog/digital-marketing-decoded-unveiling-the-secrets-to-online-success/","insight","200","Digital Marketing Decoded: Unveiling the Secrets to Online Success - Ambest Brand Communication Agency","In today’s fast-paced digital world, businesses must adapt to the ever-changing landscape of online marketing to stay ahead of the competition. The key to","Digital Marketing Decoded: Unveiling the Secrets to Online Success","https://www.ambestbrandcom.in/blog/digital-marketing-decoded-unveiling-the-secrets-to-online-success/"
"https://www.ambestbrandcom.in/blog/digital-marketing-strategy-addi-analysis-design-develop-and-implement-method/","/blog/digital-marketing-strategy-addi-analysis-design-develop-and-implement-method/","insight","200","Digital Marketing Strategy – ADDI (Analysis, Design, Develop and Implement) Method - Ambest Brand Communication Agency","Digital marketing has become an essential component of every business straroduction house in Mumbai. Creative, performance-driven advertising films for brands.","Digital Ad Films Production House in Mumbai","https://www.ambestbrandcom.in/digital-ad-films-video-production/"
"https://www.ambestbrandcom.in/digital-marketing-services-agency-company-mumbai/","/digital-marketing-services-agency-company-mumbai/","digital","200","Best Digital Marketing Services Company in Mumbai - Ambest Brandcom","Ambest Brandcom is a leading digital marketing agency in Mumbai offering ROI-driven digital marketing services and complete digital marketing strategy.","Data Over Drama. Growth Over Guesswork!","https://www.ambestbrandcom.in/digital-marketing-services-agency-company-mumbai/"
"https://www.ambestbrandcom.in/digital/clear-goal-definition/","/digital/clear-goal-definition/","digital","200","Clear Goal Definition - Ambest Brand Communication Agency","Every business is unique, and so are its goals. Whether you want to increase brand awareness, generate leads, or boost eCommerce sales, we work closely with you to define clear and measurable objectives. This helps guide the direction of the strategy and ensures that every action taken is aligned with your business’s vision.","Clear Goal Definition","https://www.ambestbrandcom.in/digital/clear-goal-definition/"
"https://www.ambestbrandcom.in/digital/continuous-monitoring-and-optimization/","/digital/continuous-monitoring-and-optimization/","digital","200","Continuous Monitoring and Optimization - Ambest Brand Communication Agency","A successful Digital Marketing Strategy is always evolving. We continuously monitor your campaigns, analyze data, and optimize strategies to achieve better results. Using advanced analytical tools, we track key performance indicators (KPIs) like traffic, conversion rates, engagement, and ROI. This helps us refine our approach and keep your marketing efforts on track.","Continuous Monitoring and Optimization","https://www.ambestbrandcom.in/digital/continuous-monitoring-and-optimization/"
"https://www.ambestbrandcom.in/digital/in-depth-market-research-and-analysis/","/digital/in-depth-market-research-and-analysis/","digital","200","In-Depth Market Research and Analysis - Ambest Brand Communication Agency","The first step in crafting an effective Digital Marketing Strategy is understanding your industry, target audience, and competitors. Our team conducts thorough market research to gather valuable insights that inform every aspect of your digital marketing plan. By analyzing trends, consumer behavior, and competitor strategies, we create a tailored approach that ensures your business stands out in a competitive landscape.","In-Depth Market Research and Analysis","https://www.ambestbrandcom.in/digital/in-depth-market-research-and-analysis/"
"https://www.ambestbrandcom.in/digital/multi-channel-approach/","/digital/multi-channel-approach/","digital","200","Multi-Channel Approach - Ambest Brand Communication Agency","We understand that successful digital marketing requires a holistic approach. Our Digital Marketing Strategy incorporates multiple channels — from SEO and PPC to social media marketing, email campaigns, and content marketing. By integrating these channels, we ensure that your business reaches its target audience at every touchpoint, maximizing your online visibility and engagement.","Multi-Channel Approach","https://www.ambestbrandcom.in/digital/multi-channel-approach/"
"https://www.ambestbrandcom.in/digital/tailored-to-your-business-needs/","/digital/tailored-to-your-business-needs/","digital","200","Tailored to Your Business Needs - Ambest Brand Communication Agency","Every business is different, and so should its Digital Marketing Strategy. Whether you’re a local business looking to dominate your region or a national brand aiming for wider reach, we tailor our approach to suit your needs. As a trusted Digital Marketing Company in Mumbai, we leverage our expertise to create strategies that are aligned with your goals, audience, and industry landscape.","Tailored to Your Business Needs","https://www.ambestbrandcom.in/digital/tailored-to-your-business-needs/"
"https://www.ambestbrandcom.in/digital/targeted-content-creation/","/digital/targeted-content-creation/","digital","200","Targeted Content Creation - Ambest Brand Communication Agency","Content is at the heart of any effective digital marketing strategy. We create engaging, SEO-optimized content that speaks to your audience’s needs and interests. Whether it’s blog posts, infographics, videos, or social media content, we ensure that the content we produce supports your business goals, drives traffic, and encourages conversions.","Targeted Content Creation","https://www.ambestbrandcom.in/digital/targeted-content-creation/"
"https://www.ambestbrandcom.in/digital/transparent-reporting-and-insights/","/digital/transparent-reporting-and-insights/","digital","200","Transparent Reporting and Insights - Ambest Brand Communication Agency","At Ambest Brandcom, we believe in complete transparency. Our clients receive detailed reports that showcase the performance of their digital marketing campaigns. From traffic analysis to conversion metrics, you’ll have a clear view of how your marketing efforts are driving results and where improvements can be made.","Transparent Reporting and Insights","https://www.ambestbrandcom.in/digital/transparent-reporting-and-insights/"
"https://www.ambestbrandcom.in/disclaimer/","/disclaimer/","other","200","Disclaimer - Ambest Brand Communication Agency","DisclaimerLast Updated: 17-11-2025","","https://www.ambestbrandcom.in/disclaimer/"
"https://www.ambestbrandcom.in/dr-amyn-rajani/","/dr-amyn-rajani/","other","200","Dr Amyn Rajani - Ambest Brand Communication Agency","Dr. Amyn Rajani – Oaks ClinicThe path of growth Ambest transformed his digital presence into real appointments and a visible brand.Dr. Amyn Rajani – Oaks","","https://www.ambestbrandcom.in/dr-amyn-rajani/"
"https://www.ambestbrandcom.in/drone-videography/cinematic-visuals/","/drone-videography/cinematic-visuals/","video-production","200","Cinematic Visuals - Ambest Brand Communication Agency","Modern drones are capable of capturing smooth cinematic movements and high-resolution footage, creating professional visuals that elevate brand videos.","Cinematic Visuals","https://www.ambestbrandcom.in/drone-videography/cinematic-visuals/"
"https://www.ambestbrandcom.in/drone-videography/engaging-marketing-content/","/drone-videography/engaging-marketing-content/","video-production","200","Engaging Marketing Content - Ambest Brand Communication Agency","Aerial visuals instantly grab attention, making marketing videos more engaging across websites, social media platforms, and digital advertising campaigns.","Engaging Marketing Content","https://www.ambestbrandcom.in/drone-videography/engaging-marketing-content/"
"https://www.ambestbrandcom.in/drone-videography/showcasing-scale-and-location/","/drone-videography/showcasing-scale-and-location/","video-production","200","Showcasing Scale and Location - Ambest Brand Communication Agency","For industries like real estate and construction, aerial footage helps audiences understand the true scale of a project and its surrounding environment.","Showcasing Scale and Location","https://www.ambestbrandcom.in/drone-videography/showcasing-scale-and-location/"
"https://www.ambestbrandcom.in/drone-videography/stronger-brand-storytelling/","/drone-videography/stronger-brand-storytelling/","video-production","200","Stronger Brand Storytelling - Ambest Brand Communication Agency","When combined with professional editing and narrative structure, drone footage enhances storytelling and improves the impact of promotional videos.","Stronger Brand Storytelling","https://www.ambestbrandcom.in/drone-videography/stronger-brand-storytelling/"
"https://www.ambestbrandcom.in/drone-videography/unique-aerial-perspectives/","/drone-videography/unique-aerial-perspectives/","video-production","200","Unique Aerial Perspectives - Ambest Brand Communication Agency","Drone cameras capture angles that are impossible with ground-based filming. This allows businesses to showcase properties, landscapes, and large-scale infrastructure in a visually compelling way.","Unique Aerial Perspectives","https://www.ambestbrandcom.in/drone-videography/unique-aerial-perspectives/"
"https://www.ambestbrandcom.in/drone-videosgraphy/","/drone-videosgraphy/","video-production","200","Drone Videography Services in Mumbai, India | Aerial Video Production","Professional drone videography services in Mumbai offering cinematic aerial video and photography for real estate, corporate films, advertising campaigns and events.","Professional Drone Videography in Mumbai","https://www.ambestbrandcom.in/drone-videosgraphy/"
"https://www.ambestbrandcom.in/ecommerce-marketplace-management-services-agency-company-mumbai/","/ecommerce-marketplace-management-services-agency-company-mumbai/","digital","200","Marketplace Management & Advertising Agency in Mumbai, India","Leading marketplace management company in Mumbai offering eCommerce marketing, marketplace advertising & growth-driven management services.","From 10 Orders to 1000","https://www.ambestbrandcom.in/ecommerce-marketplace-management-services-agency-company-mumbai/"
"https://www.ambestbrandcom.in/exhibition-and-event-branding-agency-mumbai/","/exhibition-and-event-branding-agency-mumbai/","brand-creative","200","Exhibition and Event Branding Agency in Mumbai, India | Ambest Brandcom","Looking for an exhibition and event branding agency in Mumbai? We design and execute impactful event branding, exhibition stalls, signage, stage branding, and promotional displays.","Design. Build. Execute. Celebrate.","https://www.ambestbrandcom.in/exhibition-and-event-branding-agency-mumbai/"
"https://www.ambestbrandcom.in/exhibition/award-shows-recognition-ceremonies/","/exhibition/award-shows-recognition-ceremonies/","brand-creative","200","Leading Video Production Company in Mumbai, India | Ambest Brandcom","Ambest Brandcom is the leading video production agency in Mumbai, India. Get professional video editing services, corporate films, and brand videos. Contact us!","India’s Leading Premium Ad Film Production House for Ambitious Brands","https://www.ambestbrandcom.in/"
"https://www.ambestbrandcom.in/exhibition/corporate-avs-post-event-campaigns/","/exhibition/corporate-avs-post-event-campaigns/","brand-creative","200","Leading Video Production Company in Mumbai, India | Ambest Brandcom","Ambest Brandcom is the leading video production agency in Mumbai, India. Get professional video editing services, corporate films, and brand videos. Contact us!","India’s Leading Premium Ad Film Production House for Ambitious Brands","https://www.ambestbrandcom.in/"
"https://www.ambestbrandcom.in/exhibition/corporate-events-townhalls/","/exhibition/corporate-events-townhalls/","brand-creative","200","Leading Video Production Company in Mumbai, India | Ambest Brandcom","Ambest Brandcom is the leading video production agency in Mumbai, India. Get professional video editing services, corporate films, and brand videos. Contact us!","India’s Leading Premium Ad Film Production House for Ambitious Brands","https://www.ambestbrandcom.in/"
"https://www.ambestbrandcom.in/exhibition/custom-exhibition-booths-stalls/","/exhibition/custom-exhibition-booths-stalls/","brand-creative","200","Leading Video Production Company in Mumbai, India | Ambest Brandcom","Ambest Brandcom is the leading video production agency in Mumbai, India. Get professional video editing services, corporate films, and brand videos. Contact us!","India’s Leading Premium Ad Film Production House for Ambitious Brands","https://www.ambestbrandcom.in/"
"https://www.ambestbrandcom.in/exhibition/event-planning-branding/","/exhibition/event-planning-branding/","brand-creative","200","Leading Video Production Company in Mumbai, India | Ambest Brandcom","Ambest Brandcom is the leading video production agency in Mumbai, India. Get professional video editing services, corporate films, and brand videos. Contact us!","India’s Leading Premium Ad Film Production House for Ambitious Brands","https://www.ambestbrandcom.in/"
"https://www.ambestbrandcom.in/exhibition/exhibition-expo-services/","/exhibition/exhibition-expo-services/","brand-creative","200","Leading Video Production Company in Mumbai, India | Ambest Brandcom","Ambest Brandcom is the leading video production agency in Mumbai, India. Get professional video editing services, corporate films, and brand videos. Contact us!","India’s Leading Premium Ad Film Production House for Ambitious Brands","https://www.ambestbrandcom.in/"
"https://www.ambestbrandcom.in/exhibition/live-interactive-installations-ar-vr/","/exhibition/live-interactive-installations-ar-vr/","brand-creative","200","Leading Video Production Company in Mumbai, India | Ambest Brandcom","Ambest Brandcom is the leading video production agency in Mumbai, India. Get professional video editing services, corporate films, and brand videos. Contact us!","India’s Leading Premium Ad Film Production House for Ambitious Brands","https://www.ambestbrandcom.in/"
"https://www.ambestbrandcom.in/exhibition/stage-backdrops-banners-visual-merchandising/","/exhibition/stage-backdrops-banners-visual-merchandising/","brand-creative","200","Leading Video Production Company in Mumbai, India | Ambest Brandcom","Ambest Brandcom is the leading video production agency in Mumbai, India. Get professional video editing services, corporate films, and brand videos. Contact us!","India’s Leading Premium Ad Film Production House for Ambitious Brands","https://www.ambestbrandcom.in/"
"https://www.ambestbrandcom.in/exhibition/summary-avs-highlight-films/","/exhibition/summary-avs-highlight-films/","video-production","200","Leading Video Production Company in Mumbai, India | Ambest Brandcom","Ambest Brandcom is the leading video production agency in Mumbai, India. Get professional video editing services, corporate films, and brand videos. Contact us!","India’s Leading Premium Ad Film Production House for Ambitious Brands","https://www.ambestbrandcom.in/"
"https://www.ambestbrandcom.in/explainer-video-production/","/explainer-video-production/","video-production","200","Explainer Video Production Company in Mumbai, India | Product, SaaS & App Explainer Videos","Ambest Brandcom is a professional explainer video production company in Mumbai creating product explainer videos, SaaS videos, app walkthroughs, fintech explainers, HR portal videos, onboarding videos and service explainer videos that simplify complex messages and improve conversions.","Explainer Video Production Company in Mumbai","https://www.ambestbrandcom.in/explainer-video-production/"
"https://www.ambestbrandcom.in/explainer-videos/they-build-brand-confidence/","/explainer-videos/they-build-brand-confidence/","video-production","200","They Build Brand Confidence - Ambest Brand Communication Agency","A clear and professionally produced explainer video reflects brand quality, clarity, and credibility.","They Build Brand Confidence","https://www.ambestbrandcom.in/explainer-videos/they-build-brand-confidence/"
"https://www.ambestbrandcom.in/explainer-videos/they-improve-customer-onboarding/","/explainer-videos/they-improve-customer-onboarding/","video-production","200","They Improve Customer Onboarding - Ambest Brand Communication Agency","For SaaS platforms, apps, HR portals, fintech products, and enterprise tools, explainer videos help users understand how to get started and how to use key features.","They Improve Customer Onboarding","https://www.ambestbrandcom.in/explainer-videos/they-improve-customer-onboarding/"
"https://www.ambestbrandcom.in/explainer-videos/they-improve-understanding/","/explainer-videos/they-improve-understanding/","video-production","200","They Improve Understanding - Ambest Brand Communication Agency","When people see a product or process in action, they understand it faster. Explainer videos help customers, employees, and stakeholders quickly grasp your value proposition.","They Improve Understanding","https://www.ambestbrandcom.in/explainer-videos/they-improve-understanding/"
"https://www.ambestbrandcom.in/explainer-videos/they-increase-engagement/","/explainer-videos/they-increase-engagement/","video-production","200","They Increase Engagement - Ambest Brand Communication Agency","Video is easier to consume than long-form text. A strong explainer video can keep visitors engaged on your website, landing page, or social media platform.","They Increase Engagement","https://www.ambestbrandcom.in/explainer-videos/they-increase-engagement/"
"https://www.ambestbrandcom.in/explainer-videos/they-simplify-complex-ideas/","/explainer-videos/they-simplify-complex-ideas/","video-production","200","They Simplify Complex Ideas - Ambest Brand Communication Agency","Technical products, software platforms, financial services, healthcare solutions, manufacturing processes, and enterprise workflows can be difficult to explain through text alone. Explainer videos break them down visually and make the message easy to follow.","They Simplify Complex Ideas","https://www.ambestbrandcom.in/explainer-videos/they-simplify-complex-ideas/"
"https://www.ambestbrandcom.in/explainer-videos/they-support-sales-teams/","/explainer-videos/they-support-sales-teams/","video-production","200","They Support Sales Teams - Ambest Brand Communication Agency","Sales teams can use explainer videos in presentations, email pitches, proposals, product demos, and client meetings to explain offerings more effectively.","They Support Sales Teams","https://www.ambestbrandcom.in/explainer-videos/they-support-sales-teams/"
"https://www.ambestbrandcom.in/industries/fmcg-consumer-goods/","/industries/fmcg-consumer-goods/","other","200","FMCG & Consumer Goods - Ambest Brand Communication Agency","","FMCG & Consumer Goods","https://www.ambestbrandcom.in/industries/fmcg-consumer-goods/"
"https://www.ambestbrandcom.in/industries/it-corporate-workspaces/","/industries/it-corporate-workspaces/","other","200","IT & Corporate Workspaces - Ambest Brand Communication Agency","","IT & Corporate Workspaces","https://www.ambestbrandcom.in/industries/it-corporate-workspaces/"
"https://www.ambestbrandcom.in/industries/manufacturing-units-rd-centers/","/industries/manufacturing-units-rd-centers/","other","200","Manufacturing Units & R&D Centers - Ambest Brand Communication Agency","","Manufacturing Units & R&D Centers","https://www.ambestbrandcom.in/industries/manufacturing-units-rd-centers/"
"https://www.ambestbrandcom.in/industries/pharma-healthcare/","/industries/pharma-healthcare/","other","200","Pharma & Healthcare - Ambest Brand Communication Agency","","Pharma & Healthcare","https://www.ambestbrandcom.in/industries/pharma-healthcare/"
"https://www.ambestbrandcom.in/industries/retail-hqs-distribution-zones/","/industries/retail-hqs-distribution-zones/","other","200","Retail HQs & Distribution Zones - Ambest Brand Communication Agency","","Retail HQs & Distribution Zones","https://www.ambestbrandcom.in/industries/retail-hqs-distribution-zones/"
"https://www.ambestbrandcom.in/industries/startups-agencies-and-innovation-labs/","/industries/startups-agencies-and-innovation-labs/","other","200","Startups, Agencies, and Innovation Labs - Ambest Brand Communication Agency","","Startups, Agencies, and Innovation Labs","https://www.ambestbrandcom.in/industries/startups-agencies-and-innovation-labs/"
"https://www.ambestbrandcom.in/internal-brand/cafeteria-breakout-areas/","/internal-brand/cafeteria-breakout-areas/","brand-creative","200","Cafeteria & Breakout Areas - Ambest Brand Communication Agency","Energetic, relaxing or campaign-based theme","Cafeteria & Breakout Areas","https://www.ambestbrandcom.in/internal-brand/cafeteria-breakout-areas/"
"https://www.ambestbrandcom.in/internal-brand/ceiling-floor-graphics/","/internal-brand/ceiling-floor-graphics/","brand-creative","200","Floor Graphics - Ambest Brand Communication Agency","Creative navigational and experience elements","Floor Graphics","https://www.ambestbrandcom.in/internal-brand/ceiling-floor-graphics/"
"https://www.ambestbrandcom.in/internal-brand/conference-training-room-design/","/internal-brand/conference-training-room-design/","brand-creative","200","Conference & Training Room Design - Ambest Brand Communication Agency","Purpose-led branding for knowledge zones","Conference & Training Room Design","https://www.ambestbrandcom.in/internal-brand/conference-training-room-design/"
"https://www.ambestbrandcom.in/internal-brand/facility-factory-branding/","/internal-brand/facility-factory-branding/","brand-creative","200","Facility & Factory Branding - Ambest Brand Communication Agency","Large-scale internal branding in industrial spaces","Facility & Factory Branding","https://www.ambestbrandcom.in/internal-brand/facility-factory-branding/"
"https://www.ambestbrandcom.in/internal-brand/gaming-wellness-zones/","/internal-brand/gaming-wellness-zones/","brand-creative","200","Gaming & Wellness Zones - Ambest Brand Communication Agency","Interactive and recreational space branding","Gaming & Wellness Zones","https://www.ambestbrandcom.in/internal-brand/gaming-wellness-zones/"
"https://www.ambestbrandcom.in/internal-brand/wall-branding-murals/","/internal-brand/wall-branding-murals/","brand-creative","200","Wall Branding & Murals - Ambest Brand Communication Agency","Storytelling through space: motivational, process-driven, or brand vision-centric","Wall Branding & Murals","https://www.ambestbrandcom.in/internal-brand/wall-branding-murals/"
"https://www.ambestbrandcom.in/internal-brand/washroom-utility-branding/","/internal-brand/washroom-utility-branding/","brand-creative","200","Washroom & Utility Branding - Ambest Brand Communication Agency","Quirky, awareness-driven visuals","Washroom & Utility Branding","https://www.ambestbrandcom.in/internal-brand/washroom-utility-branding/"
"https://www.ambestbrandcom.in/internal-brand/workstation-personalization/","/internal-brand/workstation-personalization/","brand-creative","200","Workstation Personalization - Ambest Brand Communication Agency","Department themes, brand-aligned desk zones","Workstation Personalization","https://www.ambestbrandcom.in/internal-brand/workstation-personalization/"
"https://www.ambestbrandcom.in/internal-brand/zonal-departmental-branding/","/internal-brand/zonal-departmental-branding/","brand-creative","200","Zonal & Departmental Branding - Ambest Brand Communication Agency","Function-aligned visuals for clarity & pride","Zonal & Departmental Branding","https://www.ambestbrandcom.in/internal-brand/zonal-departmental-branding/"
"https://www.ambestbrandcom.in/internal-branding-agency-mumbai/","/internal-branding-agency-mumbai/","brand-creative","200","Internal Office Branding Services Agency in Mumbai, India | Ambest Brandcom","Transform your workspace with Ambest Brandcom, a leading internal branding agency in Mumbai. We provide creative internal office branding services that enhance employee engagement, brand identity, and workplace aesthetics.","Where Your Office Speaks Your Brand","https://www.ambestbrandcom.in/internal-branding-agency-mumbai/"
"https://www.ambestbrandcom.in/logo-design/expert-designers-with-extensive-experience/","/logo-design/expert-designers-with-extensive-experience/","brand-creative","200","Expert Designers with Extensive Experience - Ambest Brand Communication Agency","Our team consists of skilled creative professionals who have years of experience in logo creation. With a deep understanding of colors, design principles and the latest trends, we ensure that every logo we craft is innovative, memorable, timeless, and aligned with your brand’s personality. Our expertise allows us to translate your business vision into a visual identity that resonates with your target audience.","Expert Designers with Extensive Experience","https://www.ambestbrandcom.in/logo-design/expert-designers-with-extensive-experience/"
"https://www.ambestbrandcom.in/logo-design/tailored-logo-design-solutions/","/logo-design/tailored-logo-design-solutions/","brand-creative","200","Tailored Logo Design Solutions - Ambest Brand Communication Agency","We believe that every brand deserves a custom logo design that represents its unique values and goals. Our team takes the time to understand your business, industry, and target market, ensuring that each logo we create aligns with your brand identity. Whether you're a new startup or an established enterprise, or looking to refresh your brand’s vision along with its identity, we offer affordable logo design solutions that cater to businesses of all sizes.","Tailored Logo Design Solutions","https://www.ambestbrandcom.in/logo-design/tailored-logo-design-solutions/"
"https://www.ambestbrandcom.in/logo-design/timely-delivery-without-compromising-quality/","/logo-design/timely-delivery-without-compromising-quality/","brand-creative","200","Timely Delivery without Compromising Quality - Ambest Brand Communication Agency","At Ambest Brandcom, we understand the importance of deadlines and the need for efficiency. We offer professional logo design services that are completed on time, without compromising on quality. Our streamlined process ensures that you receive a logo that meets your expectations and is ready for use across all platforms, whether for digital or print purposes.","Timely Delivery without Compromising Quality","https://www.ambestbrandcom.in/logo-design/timely-delivery-without-compromising-quality/"
"https://www.ambestbrandcom.in/micro-drama-production-india/","/micro-drama-production-india/","video-production","200","Micro Drama Video Production Company in India | Vertical Drama & Episodic Storytelling","Ambest Brandcom is a leading micro drama video production company in India creating vertical drama series, episodic short films, branded entertainment, mobile-first storytelling, OTT micro-series, and social-first content for brands, creators, and digital platforms.","Micro Drama Video Production Company in India","https://www.ambestbrandcom.in/micro-drama-production-india/"
"https://www.ambestbrandcom.in/micro-drama/better-completion-rates/","/micro-drama/better-completion-rates/","video-production","200","Better completion rates - Ambest Brand Communication Agency","","Better completion rates","https://www.ambestbrandcom.in/micro-drama/better-completion-rates/"
"https://www.ambestbrandcom.in/micro-drama/better-organic-reach/","/micro-drama/better-organic-reach/","video-production","200","Better organic reach - Ambest Brand Communication Agency","","Better organic reach","https://www.ambestbrandcom.in/micro-drama/better-organic-reach/"
"https://www.ambestbrandcom.in/micro-drama/content-that-audiences-actually-enjoy-watching/","/micro-drama/content-that-audiences-actually-enjoy-watching/","video-production","200","Content that audiences actually enjoy watching - Ambest Brand Communication Agency","","Content that audiences actually enjoy watching","https://www.ambestbrandcom.in/micro-drama/content-that-audiences-actually-enjoy-watching/"
"https://www.ambestbrandcom.in/micro-drama/higher-audience-retention/","/micro-drama/higher-audience-retention/","video-production","200","Higher audience retention - Ambest Brand Communication Agency","","Higher audience retention","https://www.ambestbrandcom.in/micro-drama/higher-audience-retention/"
"https://www.ambestbrandcom.in/micro-drama/higher-repeat-viewership/","/micro-drama/higher-repeat-viewership/","video-production","200","Higher repeat viewership - Ambest Brand Communication Agency","","Higher repeat viewership","https://www.ambestbrandcom.in/micro-drama/higher-repeat-viewership/"
"https://www.ambestbrandcom.in/micro-drama/improved-brand-recall/","/micro-drama/improved-brand-recall/","video-production","200","Improved brand recall - Ambest Brand Communication Agency","","Improved brand recall","https://www.ambestbrandcom.in/micro-drama/improved-brand-recall/"
"https://www.ambestbrandcom.in/micro-drama/increased-social-sharing/","/micro-drama/increased-social-sharing/","video-production","200","Increased social sharing - Ambest Brand Communication Agency","","Increased social sharing","https://www.ambestbrandcom.in/micro-drama/increased-social-sharing/"
"https://www.ambestbrandcom.in/micro-drama/stronger-emotional-engagement/","/micro-drama/stronger-emotional-engagement/","video-production","200","Stronger emotional engagement - Ambest Brand Communication Agency","","Stronger emotional engagement","https://www.ambestbrandcom.in/micro-drama/stronger-emotional-engagement/"
"https://www.ambestbrandcom.in/our-logo-design-process/initial-consultation/","/our-logo-design-process/initial-consultation/","brand-creative","200","Initial Consultation: - Ambest Brand Communication Agency","Understanding Your Brand The foundation of a great logo begins with understanding your brand. During our logo design consultation, we take the time to discuss your business, values, target audience, and vision. This step is crucial as it allows us to gather all the necessary details to craft a logo that truly represents your company. We listen carefully to your needs, goals, and preferences to ensure that the final design aligns with your brand’s identity and message, while sustaining and enhancing your brand’s upward journey into the future.","Initial Consultation:","https://www.ambestbrandcom.in/our-logo-design-process/initial-consultation/"
"https://www.ambestbrandcom.in/our-logo-design-process/logo-concept-creation/","/our-logo-design-process/logo-concept-creation/","brand-creative","200","Logo Concept Creation: - Ambest Brand Communication Agency","Developing Multiple Design Options Using the insights from our research, we move on to logo concept development. Our designers create multiple logo concepts that reflect your brand identity and resonate with your target market. Each design is carefully crafted to embody your company’s values, while also being visually impactful and memorable. You’ll have the opportunity to be part of the process, review these initial concepts and provide feedback, ensuring that we’re on the right path.","Logo Concept Creation:","https://www.ambestbrandcom.in/our-logo-design-process/logo-concept-creation/"
"https://www.ambestbrandcom.in/our-logo-design-process/refinement-finalization/","/our-logo-design-process/refinement-finalization/","brand-creative","200","Refinement & Finalization: - Ambest Brand Communication Agency","Perfecting Your Logo After receiving your feedback, we move forward with refining the selected design. Our team makes the necessary adjustments to perfect the logo, ensuring that every detail is aligned with your expectations. We’ll work with you to finalize the design, making sure it communicates your brand’s message clearly and effectively. Trying out how it looks on various mediums and formats in various backgrounds. Once approved, we provide the final logo in multiple formats for various uses, including digital, print, and social media applications.","Refinement & Finalization:","https://www.ambestbrandcom.in/our-logo-design-process/refinement-finalization/"
"https://www.ambestbrandcom.in/photography/amazon-ecommerce-platforms/","/photography/amazon-ecommerce-platforms/","video-production","200","Amazon & eCommerce Platforms - Ambest Brand Communication Agency","","Amazon & eCommerce Platforms","https://www.ambestbrandcom.in/photography/amazon-ecommerce-platforms/"
"https://www.ambestbrandcom.in/photography/annual-reports/","/photography/annual-reports/","video-production","200","Annual Reports - Ambest Brand Communication Agency","","Annual Reports","https://www.ambestbrandcom.in/photography/annual-reports/"
"https://www.ambestbrandcom.in/photography/company-websites/","/photography/company-websites/","video-production","200","Company Websites - Ambest Brand Communication Agency","","Company Websites","https://www.ambestbrandcom.in/photography/company-websites/"
"https://www.ambestbrandcom.in/photography/corporate-brochures/","/photography/corporate-brochures/","video-production","200","Corporate Brochures - Ambest Brand Communication Agency","","Corporate Brochures","https://www.ambestbrandcom.in/photography/corporate-brochures/"
"https://www.ambestbrandcom.in/photography/digital-advertising/","/photography/digital-advertising/","video-production","200","Digital Advertising - Ambest Brand Communication Agency","","Digital Advertising","https://www.ambestbrandcom.in/photography/digital-advertising/"
"https://www.ambestbrandcom.in/photography/email-marketing-2/","/photography/email-marketing-2/","video-production","200","Email Marketing - Ambest Brand Communication Agency","","Email Marketing","https://www.ambestbrandcom.in/photography/email-marketing-2/"
"https://www.ambestbrandcom.in/photography/exhibition-panels/","/photography/exhibition-panels/","video-production","200","Exhibition Panels - Ambest Brand Communication Agency","","Exhibition Panels","https://www.ambestbrandcom.in/photography/exhibition-panels/"
"https://www.ambestbrandcom.in/photography/internal-communication/","/photography/internal-communication/","video-production","200","Internal Communication - Ambest Brand Communication Agency","","Internal Communication","https://www.ambestbrandcom.in/photography/internal-communication/"
"https://www.ambestbrandcom.in/photography/investor-presentations/","/photography/investor-presentations/","video-production","200","Investor Presentations - Ambest Brand Communication Agency","","Investor Presentations","https://www.ambestbrandcom.in/photography/investor-presentations/"
"https://www.ambestbrandcom.in/photography/linkedin-profiles/","/photography/linkedin-profiles/","video-production","200","LinkedIn Profiles - Ambest Brand Communication Agency","","LinkedIn Profiles","https://www.ambestbrandcom.in/photography/linkedin-profiles/"
"https://www.ambestbrandcom.in/photography/office-branding/","/photography/office-branding/","video-production","200","Office Branding - Ambest Brand Communication Agency","","Office Branding","https://www.ambestbrandcom.in/photography/office-branding/"
"https://www.ambestbrandcom.in/photography/pr-media-kits/","/photography/pr-media-kits/","video-production","200","PR & Media Kits - Ambest Brand Communication Agency","","PR & Media Kits","https://www.ambestbrandcom.in/photography/pr-media-kits/"
"https://www.ambestbrandcom.in/photography/product-catalogues/","/photography/product-catalogues/","video-production","200","Product Catalogues - Ambest Brand Communication Agency","","Product Catalogues","https://www.ambestbrandcom.in/photography/product-catalogues/"
"https://www.ambestbrandcom.in/photography/recruitment-campaigns/","/photography/recruitment-campaigns/","video-production","200","Recruitment Campaigns - Ambest Brand Communication Agency","","Recruitment Campaigns","https://www.ambestbrandcom.in/photography/recruitment-campaigns/"
"https://www.ambestbrandcom.in/photography/sales-presentations/","/photography/sales-presentations/","video-production","200","Sales Presentations - Ambest Brand Communication Agency","","Sales Presentations","https://www.ambestbrandcom.in/photography/sales-presentations/"
"https://www.ambestbrandcom.in/photography/social-media-campaigns/","/photography/social-media-campaigns/","video-production","200","Social Media Campaigns - Ambest Brand Communication Agency","","Social Media Campaigns","https://www.ambestbrandcom.in/photography/social-media-campaigns/"
"https://www.ambestbrandcom.in/photography/trade-shows/","/photography/trade-shows/","video-production","200","Trade Shows - Ambest Brand Communication Agency","","Trade Shows","https://www.ambestbrandcom.in/photography/trade-shows/"
"https://www.ambestbrandcom.in/privacy-policy/","/privacy-policy/","other","200","Privacy Policy - Ambest Brand Communication Agency","Privacy PolicyLast Updated: (17-11-2025)","1. Information We Collect","https://www.ambestbrandcom.in/privacy-policy/"
"https://www.ambestbrandcom.in/product-video-production/","/product-video-production/","video-production","200","Product Video Production Agency in Mumbai, India | Product Videos","Professional product video production agency in Mumbai creating engaging product demos, advertising videos and promotional content for brands.","Product Video Production Agency in Mumbai","https://www.ambestbrandcom.in/product-video-production/"
"https://www.ambestbrandcom.in/product-video-production/digital-advertising-campaigns/","/product-video-production/digital-advertising-campaigns/","video-production","200","Digital advertising campaigns - Ambest Brand Communication Agency","","Digital advertising campaigns","https://www.ambestbrandcom.in/product-video-production/digital-advertising-campaigns/"
"https://www.ambestbrandcom.in/product-video-production/ecommerce-marketplaces/","/product-video-production/ecommerce-marketplaces/","video-production","200","eCommerce marketplaces - Ambest Brand Communication Agency","","eCommerce marketplaces","https://www.ambestbrandcom.in/product-video-production/ecommerce-marketplaces/"
"https://www.ambestbrandcom.in/product-video-production/launch-events/","/product-video-production/launch-events/","video-production","200","Launch Events - Ambest Brand Communication Agency","","Launch Events","https://www.ambestbrandcom.in/product-video-production/launch-events/"
"https://www.ambestbrandcom.in/product-video-production/product-launches-and-promotions/","/product-video-production/product-launches-and-promotions/","video-production","200","Product launches and promotions - Ambest Brand Communication Agency","","Product launches and promotions","https://www.ambestbrandcom.in/product-video-production/product-launches-and-promotions/"
"https://www.ambestbrandcom.in/product-video-production/social-media-marketing-2/","/product-video-production/social-media-marketing-2/","video-production","200","Social media marketing - Ambest Brand Communication Agency","","Social media marketing","https://www.ambestbrandcom.in/product-video-production/social-media-marketing-2/"
"https://www.ambestbrandcom.in/product-video-production/website-product-pages/","/product-video-production/website-product-pages/","video-production","200","Website product pages - Ambest Brand Communication Agency","","Website product pages","https://www.ambestbrandcom.in/product-video-production/website-product-pages/"
"https://www.ambestbrandcom.in/purobien-nutrition/","/purobien-nutrition/","other","200","Purobien Nutrition - Ambest Brand Communication Agency","The Strategy Blueprint","","https://www.ambestbrandcom.in/purobien-nutrition/"
"https://www.ambestbrandcom.in/recons-group/","/recons-group/","other","200","Recons Group - Ambest Brand Communication Agency","The Evolution of a LegacyFrom being a trader of others’ products to becoming a manufacturer and innovatorThe Turning Point","From Dealers to Innovators","https://www.ambestbrandcom.in/recons-group/"
"https://www.ambestbrandcom.in/red-moments/","/red-moments/","other","200","Red Moments - Ambest Brand Communication Agency","From Personal Keepsakes to Corporate Icons","","https://www.ambestbrandcom.in/red-moments/"
"https://www.ambestbrandcom.in/search-engine-optimization-services-agency-company-mumbai/","/search-engine-optimization-services-agency-company-mumbai/","other","200","Best SEO Company in Mumbai | Professional SEO Services – Ambest Brandcom","Ambest Brandcom is a top SEO agency in Mumbai offering result-driven SEO services, website optimization, keyword ranking, and complete search engine marketing solutions.","Let’s Make Google Fall in Love with Your Website with Best Search Engine Optimization Company in Mumbai","https://www.ambestbrandcom.in/search-engine-optimization-services-agency-company-mumbai/"
"https://www.ambestbrandcom.in/serve/pharmaceuticals-healthcare-2/","/serve/pharmaceuticals-healthcare-2/","other","200","Pharmaceuticals & Healthcare - Ambest Brand Communication Agency","Every business is different, and so should its Digital Marketing Strategy. Whether you’re a local business looking to dominate your region or a national brand aiming for wider reach, we tailor our approach to suit your needs. As a trusted Digital Marketing Company in Mumbai, we leverage our expertise to create strategies that are aligned with your goals, audience, and industry landscape.","Pharmaceuticals & Healthcare","https://www.ambestbrandcom.in/serve/pharmaceuticals-healthcare-2/"
"https://www.ambestbrandcom.in/serve/pharmaceuticals-healthcare-3/","/serve/pharmaceuticals-healthcare-3/","other","200","Pharmaceuticals & Healthcare - Ambest Brand Communication Agency","Every business is different, and so should its Digital Marketing Strategy. Whether you’re a local business looking to dominate your region or a national brand aiming for wider reach, we tailor our approach to suit your needs. As a trusted Digital Marketing Company in Mumbai, we leverage our expertise to create strategies that are aligned with your goals, audience, and industry landscape.","Pharmaceuticals & Healthcare","https://www.ambestbrandcom.in/serve/pharmaceuticals-healthcare-3/"
"https://www.ambestbrandcom.in/serve/pharmaceuticals-healthcare/","/serve/pharmaceuticals-healthcare/","other","200","Pharmaceuticals & Healthcare - Ambest Brand Communication Agency","Every business is different, and so should its Digital Marketing Strategy. Whether you’re a local business looking to dominate your region or a national brand aiming for wider reach, we tailor our approach to suit your needs. As a trusted Digital Marketing Company in Mumbai, we leverage our expertise to create strategies that are aligned with your goals, audience, and industry landscape.","Pharmaceuticals & Healthcare","https://www.ambestbrandcom.in/serve/pharmaceuticals-healthcare/"
"https://www.ambestbrandcom.in/services/analytics/","/services/analytics/","other","200","Analytics - Ambest Brand Communication Agency","Track the success of your campaigns with our detailed social media analytics. We provide actionable insights and optimize strategies for continuous improvement.","Analytics","https://www.ambestbrandcom.in/services/analytics/"
"https://www.ambestbrandcom.in/services/brand-strategy-and-management/","/services/brand-strategy-and-management/","brand-creative","200","Brand Strategy and Management - Ambest Brand Communication Agency","Elevate your brand’s identity with a well-defined brand strategy. We focus on positioning your brand consistently across all platforms while managing your online reputation with care.","Brand Strategy and Management","https://www.ambestbrandcom.in/services/brand-strategy-and-management/"
"https://www.ambestbrandcom.in/services/community-management/","/services/community-management/","other","200","Community Management - Ambest Brand Communication Agency","Build meaningful connections with your audience through active engagement. Our community management services ensure prompt responses, fostering trust and loyalty.","Community Management","https://www.ambestbrandcom.in/services/community-management/"
"https://www.ambestbrandcom.in/services/content-creation/","/services/content-creation/","other","200","Content Creation - Ambest Brand Communication Agency","Captivate your audience with visually stunning and engaging content. Our creative team designs high-quality posts, videos, infographics, and more to tell your brand’s story effectively.","Content Creation","https://www.ambestbrandcom.in/services/content-creation/"
"https://www.ambestbrandcom.in/services/marketing-strategy/","/services/marketing-strategy/","other","200","Marketing Strategy - Ambest Brand Communication Agency","We craft customized social media marketing strategies that align with your business objectives, target audience, and market trends. Our data-driven approach ensures maximum impact and ROI.","Marketing Strategy","https://www.ambestbrandcom.in/services/marketing-strategy/"
"https://www.ambestbrandcom.in/short-film-production-india/","/short-film-production-india/","video-production","200","Short Film Production Company in Mumbai | Creative Film Makers","Short film production company in Mumbai offering cinematic storytelling, branded films and creative short film production services in India.","Short Film Production Company in Mumbai","https://www.ambestbrandcom.in/short-film-production-india/"
"https://www.ambestbrandcom.in/short-films/concept-story-development/","/short-films/concept-story-development/","video-production","200","Concept & Story Development - Ambest Brand Communication Agency","We begin with a strong narrative foundation aligned with your brand or creative vision.","Concept & Story Development","https://www.ambestbrandcom.in/short-films/concept-story-development/"
"https://www.ambestbrandcom.in/short-films/distribution-platform-delivery/","/short-films/distribution-platform-delivery/","video-production","200","Distribution & Platform Delivery - Ambest Brand Communication Agency","We optimise formats for OTT platforms, social media, and digital campaigns.","Distribution & Platform Delivery","https://www.ambestbrandcom.in/short-films/distribution-platform-delivery/"
"https://www.ambestbrandcom.in/short-films/post-production-editing/","/short-films/post-production-editing/","video-production","200","Post-Production & Editing - Ambest Brand Communication Agency","Editing, sound design, VFX, and color grading bring the story to life.","Post-Production & Editing","https://www.ambestbrandcom.in/short-films/post-production-editing/"
"https://www.ambestbrandcom.in/short-films/pre-production-planning/","/short-films/pre-production-planning/","video-production","200","Pre-Production Planning - Ambest Brand Communication Agency","Location scouting, casting, scheduling, and production design are meticulously planned.","Pre-Production Planning","https://www.ambestbrandcom.in/short-films/pre-production-planning/"
"https://www.ambestbrandcom.in/short-films/production-direction/","/short-films/production-direction/","video-production","200","Production & Direction - Ambest Brand Communication Agency","Our experienced directors and crew execute high-quality shoots with cinematic precision.","Production & Direction","https://www.ambestbrandcom.in/short-films/production-direction/"
"https://www.ambestbrandcom.in/short-films/scriptwriting-screenplay/","/short-films/scriptwriting-screenplay/","video-production","200","Scriptwriting & Screenplay - Ambest Brand Communication Agency","Our writers craft compelling scripts that balance storytelling with audience engagement.","Scriptwriting & Screenplay","https://www.ambestbrandcom.in/short-films/scriptwriting-screenplay/"
"https://www.ambestbrandcom.in/shreeji/","/shreeji/","other","200","Shreeji - Ambest Brand Communication Agency","Old LogoNew LogoOld LogosNew LogoLogo RationaleThe logo combines two wood textures split by a precise diagonal, reflecting Shreeji’s expertise, modern","","https://www.ambestbrandcom.in/shreeji/"
"https://www.ambestbrandcom.in/sigma-brand/","/sigma-brand/","brand-creative","200","Sigma brand - Ambest Brand Communication Agency","Logo RationaleThe geometric S symbol represents strength, structure, and modern architectural design. Its sharp lines reflect precision and well-crafted","","https://www.ambestbrandcom.in/sigma-brand/"
"https://www.ambestbrandcom.in/sigma-group/","/sigma-group/","other","200","Sigma Group - Ambest Brand Communication Agency","Mumbai Living ReimaginedA New Project, A New Story Every Time","","https://www.ambestbrandcom.in/sigma-group/"
"https://www.ambestbrandcom.in/social-case-study/aarya-menstrual-care/","/social-case-study/aarya-menstrual-care/","case-study","200","Aarya Menstrual Care - Ambest Brand Communication Agency","Aarya Menstrual CareFrom Basics to AdvancedAuthenticity at the Core","","https://www.ambestbrandcom.in/aarya-menstrual-care/"
"https://www.ambestbrandcom.in/social-case-study/bryan-candy/","/social-case-study/bryan-candy/","case-study","200","Bryan Candy - Ambest Brand Communication Agency","Luxury Bath & Body, Crafted with Care","","https://www.ambestbrandcom.in/bryan-candy/"
"https://www.ambestbrandcom.in/social-case-study/dr-amyn-rajani/","/social-case-study/dr-amyn-rajani/","case-study","200","Dr Amyn Rajani - Ambest Brand Communication Agency","Dr. Amyn Rajani – Oaks ClinicThe path of growth Ambest transformed his digital presence into real appointments and a visible brand.Dr. Amyn Rajani – Oaks","","https://www.ambestbrandcom.in/dr-amyn-rajani/"
"https://www.ambestbrandcom.in/social-case-study/purobien-nutrition/","/social-case-study/purobien-nutrition/","case-study","200","Purobien Nutrition - Ambest Brand Communication Agency","The Strategy Blueprint","","https://www.ambestbrandcom.in/purobien-nutrition/"
"https://www.ambestbrandcom.in/social-case-study/recons-group/","/social-case-study/recons-group/","case-study","200","Recons Group - Ambest Brand Communication Agency","The Evolution of a LegacyFrom being a trader of others’ products to becoming a manufacturer and innovatorThe Turning Point","From Dealers to Innovators","https://www.ambestbrandcom.in/recons-group/"
"https://www.ambestbrandcom.in/social-case-study/red-moments/","/social-case-study/red-moments/","case-study","200","Red Moments - Ambest Brand Communication Agency","From Personal Keepsakes to Corporate Icons","","https://www.ambestbrandcom.in/red-moments/"
"https://www.ambestbrandcom.in/social-case-study/sigma-realtors/","/social-case-study/sigma-realtors/","case-study","200","Sigma Group - Ambest Brand Communication Agency","Mumbai Living ReimaginedA New Project, A New Story Every Time","","https://www.ambestbrandcom.in/sigma-group/"
"https://www.ambestbrandcom.in/social-case-study/timex-mica/","/social-case-study/timex-mica/","case-study","200","Timex Mica - Ambest Brand Communication Agency","Innovating Surfaces Since 1986Founded in 1986, a pioneer in interior & exterior surfacing solutionsTrusted by architects, designers, constructor, builders","","https://www.ambestbrandcom.in/timex-micas/"
"https://www.ambestbrandcom.in/social-media-marketing-services-agency-company-mumbai/","/social-media-marketing-services-agency-company-mumbai/","digital","200","Best Social Media Marketing Services Agency in Mumbai, India","Top social media marketing company in Mumbai offering creative strategies, content, ads & performance-driven social media marketing services for brands.","Mumbai leading agency that empowers your brand with top-of-the-line strategies","https://www.ambestbrandcom.in/social-media-marketing-services-agency-company-mumbai/"
"https://www.ambestbrandcom.in/social-media-video-production/","/social-media-video-production/","video-production","200","Social Media Video Production Services in Mumbai | Video Agency","Professional social media video production services in Mumbai creating engaging short-form videos and marketing content for brands and businesses.","Social Media Video Production Services in Mumbai","https://www.ambestbrandcom.in/social-media-video-production/"
"https://www.ambestbrandcom.in/testimonial-video-production/","/testimonial-video-production/","video-production","200","Testimonial Video Production Company in Mumbai | Leadership & Customer Story Videos","Professional testimonial video production company in Mumbai creating customer testimonials, leadership video bytes, CEO interviews, employee stories, internal communication videos, patient testimonials and corporate interview videos that build trust and drive business growth.","Testimonial Video Production Company in Mumbai","https://www.ambestbrandcom.in/testimonial-video-production/"
"https://www.ambestbrandcom.in/testimonials-video/ceo-messages/","/testimonials-video/ceo-messages/","video-production","200","CEO Messages - Ambest Brand Communication Agency","","CEO Messages","https://www.ambestbrandcom.in/testimonials-video/ceo-messages/"
"https://www.ambestbrandcom.in/testimonials-video/change-management-communication/","/testimonials-video/change-management-communication/","video-production","200","Change Management Communication - Ambest Brand Communication Agency","","Change Management Communication","https://www.ambestbrandcom.in/testimonials-video/change-management-communication/"
"https://www.ambestbrandcom.in/testimonials-video/culture-building-initiatives/","/testimonials-video/culture-building-initiatives/","video-production","200","Culture Building Initiatives - Ambest Brand Communication Agency","","Culture Building Initiatives","https://www.ambestbrandcom.in/testimonials-video/culture-building-initiatives/"
"https://www.ambestbrandcom.in/testimonials-video/diversity-inclusion-campaigns/","/testimonials-video/diversity-inclusion-campaigns/","video-production","200","Diversity & Inclusion Campaigns - Ambest Brand Communication Agency","","Diversity & Inclusion Campaigns","https://www.ambestbrandcom.in/testimonials-video/diversity-inclusion-campaigns/"
"https://www.ambestbrandcom.in/testimonials-video/employee-engagement-campaigns/","/testimonials-video/employee-engagement-campaigns/","video-production","200","Employee Engagement Campaigns - Ambest Brand Communication Agency","","Employee Engagement Campaigns","https://www.ambestbrandcom.in/testimonials-video/employee-engagement-campaigns/"
"https://www.ambestbrandcom.in/testimonials-video/employer-branding/","/testimonials-video/employer-branding/","video-production","200","Employer Branding - Ambest Brand Communication Agency","","Employer Branding","https://www.ambestbrandcom.in/testimonials-video/employer-branding/"
"https://www.ambestbrandcom.in/testimonials-video/founder-stories/","/testimonials-video/founder-stories/","video-production","200","Founder Stories - Ambest Brand Communication Agency","","Founder Stories","https://www.ambestbrandcom.in/testimonials-video/founder-stories/"
"https://www.ambestbrandcom.in/testimonials-video/global-leadership-messages/","/testimonials-video/global-leadership-messages/","video-production","200","Global Leadership Messages - Ambest Brand Communication Agency","","Global Leadership Messages","https://www.ambestbrandcom.in/testimonials-video/global-leadership-messages/"
"https://www.ambestbrandcom.in/testimonials-video/internal-corporate-communication/","/testimonials-video/internal-corporate-communication/","video-production","200","Internal Corporate Communication - Ambest Brand Communication Agency","","Internal Corporate Communication","https://www.ambestbrandcom.in/testimonials-video/internal-corporate-communication/"
"https://www.ambestbrandcom.in/testimonials-video/leadership-announcements/","/testimonials-video/leadership-announcements/","video-production","200","Leadership Announcements - Ambest Brand Communication Agency","","Leadership Announcements","https://www.ambestbrandcom.in/testimonials-video/leadership-announcements/"
"https://www.ambestbrandcom.in/testimonials-video/learning-development/","/testimonials-video/learning-development/","video-production","200","Learning & Development - Ambest Brand Communication Agency","","Learning & Development","https://www.ambestbrandcom.in/testimonials-video/learning-development/"
"https://www.ambestbrandcom.in/testimonials-video/managing-director-addresses/","/testimonials-video/managing-director-addresses/","video-production","200","Managing Director Addresses - Ambest Brand Communication Agency","","Managing Director Addresses","https://www.ambestbrandcom.in/testimonials-video/managing-director-addresses/"
"https://www.ambestbrandcom.in/testimonials-video/quarterly-business-updates/","/testimonials-video/quarterly-business-updates/","video-production","200","Quarterly Business Updates - Ambest Brand Communication Agency","","Quarterly Business Updates","https://www.ambestbrandcom.in/testimonials-video/quarterly-business-updates/"
"https://www.ambestbrandcom.in/testimonials-video/townhall-meetings/","/testimonials-video/townhall-meetings/","video-production","200","Townhall Meetings - Ambest Brand Communication Agency","","Townhall Meetings","https://www.ambestbrandcom.in/testimonials-video/townhall-meetings/"
"https://www.ambestbrandcom.in/testimonials-video/vision-mission-videos/","/testimonials-video/vision-mission-videos/","video-production","200","Vision & Mission Videos - Ambest Brand Communication Agency","","Vision & Mission Videos","https://www.ambestbrandcom.in/testimonials-video/vision-mission-videos/"
"https://www.ambestbrandcom.in/thank-you-ai/","/thank-you-ai/","thank-you","200","Thank you AI - Ambest Brand Communication Agency","Thank you for contacting Ambest Brandcom!We truly appreciate your interest in our Artificial Intelligence services. We’re excited to learn more about your","","https://www.ambestbrandcom.in/thank-you-ai/"
"https://www.ambestbrandcom.in/thank-you-brand-anthem/","/thank-you-brand-anthem/","thank-you","200","Thank you brand anthem - Ambest Brand Communication Agency","Thank you for contacting Ambest Brandcom!We truly appreciate your interest in our Brand Anthem services. We’re excited to learn more about your project. Our","","https://www.ambestbrandcom.in/thank-you-brand-anthem/"
"https://www.ambestbrandcom.in/thank-you-brand-management/","/thank-you-brand-management/","thank-you","200","Thank you Brand management - Ambest Brand Communication Agency","Thank you for contacting Ambest Brandcom!We truly appreciate your interest in our Brand Management And Advertising services. We’re excited to learn more about","","https://www.ambestbrandcom.in/thank-you-brand-management/"
"https://www.ambestbrandcom.in/thank-you-contact/","/thank-you-contact/","thank-you","200","Thank you Contact - Ambest Brand Communication Agency","Thank you for contacting Ambest Brandcom!We truly appreciate your interest in our Artificial Intelligence services. We’re excited to learn more about your","","https://www.ambestbrandcom.in/thank-you-contact/"
"https://www.ambestbrandcom.in/thank-you-corporate-video-production/","/thank-you-corporate-video-production/","thank-you","200","Thank you corporate video production - Ambest Brand Communication Agency","Thank you for contacting Ambest Brandcom!We truly appreciate your interest in our video production and brand communication services. We’re excited to learn","","https://www.ambestbrandcom.in/thank-you-corporate-video-production/"
"https://www.ambestbrandcom.in/thank-you-digital-marketing/","/thank-you-digital-marketing/","thank-you","200","Thank you Digital Marketing - Ambest Brand Communication Agency","Thank you for contacting Ambest Brandcom!We truly appreciate your interest in our Digital Marketing services. We’re excited to learn more about your project.","","https://www.ambestbrandcom.in/thank-you-digital-marketing/"
"https://www.ambestbrandcom.in/thank-you-exhibition-and-events/","/thank-you-exhibition-and-events/","thank-you","200","Thank you Exhibition and Events - Ambest Brand Communication Agency","Thank you for contacting Ambest Brandcom!We truly appreciate your interest in our Exhibition and Events services. We’re excited to learn more about your","","https://www.ambestbrandcom.in/thank-you-exhibition-and-events/"
"https://www.ambestbrandcom.in/thank-you-internal-branding/","/thank-you-internal-branding/","thank-you","200","Thank you Internal Branding - Ambest Brand Communication Agency","Thank you for contacting Ambest Brandcom!We truly appreciate your interest in our Internal Branding services. We’re excited to learn more about your project.","","https://www.ambestbrandcom.in/thank-you-internal-branding/"
"https://www.ambestbrandcom.in/thank-you-marketplace-management/","/thank-you-marketplace-management/","thank-you","200","Thank you Marketplace Management - Ambest Brand Communication Agency","Thank you for contacting Ambest Brandcom!We truly appreciate your interest in our Marketplace Management services. We’re excited to learn more about your","","https://www.ambestbrandcom.in/thank-you-marketplace-management/"
"https://www.ambestbrandcom.in/thank-you-seo/","/thank-you-seo/","thank-you","200","Thank you SEO - Ambest Brand Communication Agency","Thank you for contacting Ambest Brandcom!We truly appreciate your interest in our Search Engine Optimization services. We’re excited to learn more about your","","https://www.ambestbrandcom.in/thank-you-seo/"
"https://www.ambestbrandcom.in/thank-you-social-media-marketing/","/thank-you-social-media-marketing/","thank-you","200","Thank you Social Media Marketing - Ambest Brand Communication Agency","Thank you for contacting Ambest Brandcom!We truly appreciate your interest in our Social Media Marketing services. We’re excited to learn more about your","","https://www.ambestbrandcom.in/thank-you-social-media-marketing/"
"https://www.ambestbrandcom.in/thank-you-video/","/thank-you-video/","thank-you","200","Thank you video - Ambest Brand Communication Agency","Thank you for contacting Ambest Brandcom!We truly appreciate your interest in our video production and brand communication services. We’re excited to learn","","https://www.ambestbrandcom.in/thank-you-video/"
"https://www.ambestbrandcom.in/thank-you-web-design-and-development/","/thank-you-web-design-and-development/","thank-you","200","Thank you Web Design and Development - Ambest Brand Communication Agency","Thank you for contacting Ambest Brandcom!We truly appreciate your interest in our Web Design and Development services. We’re excited to learn more about your","","https://www.ambestbrandcom.in/thank-you-web-design-and-development/"
"https://www.ambestbrandcom.in/timex-micas/","/timex-micas/","other","200","Timex Mica - Ambest Brand Communication Agency","Innovating Surfaces Since 1986Founded in 1986, a pioneer in interior & exterior surfacing solutionsTrusted by architects, designers, constructor, builders","","https://www.ambestbrandcom.in/timex-micas/"
"https://www.ambestbrandcom.in/video-podcast/editing-post-production/","/video-podcast/editing-post-production/","video-production","200","Leading Video Production Company in Mumbai, India | Ambest Brandcom","Ambest Brandcom is the leading video production agency in Mumbai, India. Get professional video editing services, corporate films, and brand videos. Contact us!","India’s Leading Premium Ad Film Production House for Ambitious Brands","https://www.ambestbrandcom.in/"
"https://www.ambestbrandcom.in/video-podcast/final-delivery-distribution-support/","/video-podcast/final-delivery-distribution-support/","video-production","200","Leading Video Production Company in Mumbai, India | Ambest Brandcom","Ambest Brandcom is the leading video production agency in Mumbai, India. Get professional video editing services, corporate films, and brand videos. Contact us!","India’s Leading Premium Ad Film Production House for Ambitious Brands","https://www.ambestbrandcom.in/"
"https://www.ambestbrandcom.in/video-podcast/podcast-format-episode-planning/","/video-podcast/podcast-format-episode-planning/","video-production","200","Leading Video Production Company in Mumbai, India | Ambest Brandcom","Ambest Brandcom is the leading video production agency in Mumbai, India. Get professional video editing services, corporate films, and brand videos. Contact us!","India’s Leading Premium Ad Film Production House for Ambitious Brands","https://www.ambestbrandcom.in/"
"https://www.ambestbrandcom.in/video-podcast/recording-direction/","/video-podcast/recording-direction/","video-production","200","Leading Video Production Company in Mumbai, India | Ambest Brandcom","Ambest Brandcom is the leading video production agency in Mumbai, India. Get professional video editing services, corporate films, and brand videos. Contact us!","India’s Leading Premium Ad Film Production House for Ambitious Brands","https://www.ambestbrandcom.in/"
"https://www.ambestbrandcom.in/video-podcast/studio-setup-production/","/video-podcast/studio-setup-production/","video-production","200","Leading Video Production Company in Mumbai, India | Ambest Brandcom","Ambest Brandcom is the leading video production agency in Mumbai, India. Get professional video editing services, corporate films, and brand videos. Contact us!","India’s Leading Premium Ad Film Production House for Ambitious Brands","https://www.ambestbrandcom.in/"
"https://www.ambestbrandcom.in/video-podcast/understanding-brand-content-strategy/","/video-podcast/understanding-brand-content-strategy/","video-production","200","Leading Video Production Company in Mumbai, India | Ambest Brandcom","Ambest Brandcom is the leading video production agency in Mumbai, India. Get professional video editing services, corporate films, and brand videos. Contact us!","India’s Leading Premium Ad Film Production House for Ambitious Brands","https://www.ambestbrandcom.in/"
"https://www.ambestbrandcom.in/videos-podcast/","/videos-podcast/","video-production","200","Video Podcast Production Agency in Mumbai, India | Branded Podcasts","Professional video podcast production agency in Mumbai offering end-to-end podcast production services for brands, businesses and creators.","Video Podcast Production Agency in Mumbai","https://www.ambestbrandcom.in/videos-podcast/"
"https://www.ambestbrandcom.in/villano/","/villano/","other","200","Villano - Ambest Brand Communication Agency","LogoLogo MarkTaglineStyle with ConfidencePrimary Brand","","https://www.ambestbrandcom.in/villano/"
"https://www.ambestbrandcom.in/website-design-and-development-services-agency-company-mumbai/","/website-design-and-development-services-agency-company-mumbai/","digital","200","Web Design & Development Services Company in Mumbai, India","Leading web design and development agency in Mumbai, India offering responsive, WordPress, Shopify & eCommerce website development services for growing brands.","Few Client Limitless Attention","https://www.ambestbrandcom.in/website-design-and-development-services-agency-company-mumbai/"
