media_id,source_url,kind,title,width,height,duration,poster,project_id,attribution,usage_rights_status,approval_status,implementation_status
M01,https://www.ambestbrandcom.in/wp-content/uploads/2025/11/BFSI.mp4,video,BFSI,,,,,,Ambest current site,unknown,blocked,not_imported
M02,https://www.ambestbrandcom.in/wp-content/uploads/2025/11/Cosmetics-n.mp4,video,Cosmetics,,,,,,Ambest current site,unknown,blocked,not_imported
M03,https://www.ambestbrandcom.in/wp-content/uploads/2025/11/Educational-Tech.mp4,video,Education and technology,,,,,,Ambest current site,unknown,blocked,not_imported
M04,https://www.ambestbrandcom.in/wp-content/uploads/2025/11/Food.mp4,video,Food and beverage,,,,,,Ambest current site,unknown,blocked,not_imported
M05,https://www.ambestbrandcom.in/wp-content/uploads/2025/11/Lifestyle-n.mp4,video,Lifestyle,,,,,,Ambest current site,unknown,blocked,not_imported
M06,https://www.ambestbrandcom.in/wp-content/uploads/2025/11/medtronic-video.mp4,video,Health and care,,,,,,Ambest current site,unknown,blocked,not_imported
M07,https://www.ambestbrandcom.in/wp-content/uploads/2026/07/BTS-3.mp4,video,Behind the scenes 3,,,,,,Ambest current site,unknown,blocked,not_imported
M08,https://www.ambestbrandcom.in/wp-content/uploads/2025/11/BTS-2.mp4,video,Behind the scenes 2,,,,,,Ambest current site,unknown,blocked,not_imported
M09,https://www.ambestbrandcom.in/wp-content/uploads/2025/11/BTS-1.mp4,video,Behind the scenes 1,,,,,,Ambest current site,unknown,blocked,not_imported
M10,https://www.ambestbrandcom.in/wp-content/uploads/2025/11/Testimonial-Video-.mp4,video,Testimonial video,,,,,,Ambest current site,unknown,blocked,not_imported
M11,https://www.ambestbrandcom.in/wp-content/uploads/2025/11/PN1-1.png,image,Purobien Nutrition case visual,,,,,purobien-nutrition,Ambest published project page,published_by_ambest,owner_requested_reuse,implemented
M12,https://www.ambestbrandcom.in/wp-content/uploads/2025/12/SH-1.png,image,Shreeji Woodcraft case visual,,,,,shreeji-woodcraft,Ambest published project page,published_by_ambest,owner_requested_reuse,implemented
M13,https://www.ambestbrandcom.in/wp-content/uploads/2025/12/BH-1.png,image,Bhoomi case visual,,,,,bhoomi,Ambest published project page,published_by_ambest,owner_requested_reuse,implemented
M14,https://www.ambestbrandcom.in/wp-content/uploads/2025/12/B-C-1.png,image,Bryan and Candy case visual,,,,,bryan-candy,Ambest published project page,published_by_ambest,owner_requested_reuse,implemented
M15,https://www.ambestbrandcom.in/wp-content/uploads/2025/12/DrRnew.png,image,Dr Amyn Rajani case visual,,,,,dr-amyn-rajani,Ambest published project page,published_by_ambest,owner_requested_reuse,implemented
M16,https://www.ambestbrandcom.in/wp-content/uploads/2025/12/RG511.png,image,Recons Group case visual,,,,,recons-group,Ambest published project page,published_by_ambest,owner_requested_reuse,implemented
M17,https://www.ambestbrandcom.in/wp-content/uploads/2025/12/sigma-img1.png,image,Sigma Group case visual,,,,,sigma-group,Ambest published project page,published_by_ambest,owner_requested_reuse,implemented
M18,https://www.ambestbrandcom.in/wp-content/uploads/2025/12/rm-gift-img.png,image,Red Moments case visual,,,,,red-moments,Ambest published project page,published_by_ambest,owner_requested_reuse,implemented
M19,https://www.ambestbrandcom.in/wp-content/uploads/2025/12/new1-2.png,image,Aarya menstrual care case visual,,,,,aarya-menstrual-care,Ambest published project page,published_by_ambest,owner_requested_reuse,implemented
M20,https://www.ambestbrandcom.in/wp-content/uploads/2025/12/TI21.png,image,Timex Mica case visual,,,,,timex-mica,Ambest published project page,published_by_ambest,owner_requested_reuse,implemented
M21,https://www.ambestbrandcom.in/wp-content/uploads/2025/10/Team-ambest-scaled-uai-1708x1708.jpg,image,Ambest team collaborating,,,,,,Ambest published About page,published_by_ambest,owner_requested_reuse,implemented
M22,https://www.ambestbrandcom.in/wp-content/uploads/2025/11/7Event-scaled.jpg,image,Ambest live brand experience,,,,,,Ambest published service page,published_by_ambest,owner_requested_reuse,implemented
M23,https://www.ambestbrandcom.in/wp-content/uploads/2025/12/website-design-bhoomi.png,image,Bhoomi website design,,,,,bhoomi,Ambest published project page,published_by_ambest,owner_requested_reuse,implemented
M24,https://www.youtube.com/watch?v=YaaTIMUeoNs,video,Video Production Showreel 2026,,,,video-showreel.jpg,,Official Ambest Brandcom YouTube channel,published_by_ambest,owner_requested_embed,implemented
M25,https://www.youtube.com/watch?v=kw48Puf-Xxg,video,Shreeji Woodcraft industrial brand film,,,,video-shreeji.jpg,shreeji-woodcraft,Official Ambest Brandcom YouTube channel,published_by_ambest,owner_requested_embed,implemented
M26,https://www.youtube.com/watch?v=QU-ustoKMlg,video,Agri-food corporate film From Farm to Future,,,,video-agri.jpg,,Official Ambest Brandcom YouTube channel,published_by_ambest,owner_requested_embed,implemented
M27,https://www.youtube.com/watch?v=RIoAXxwHBe4,video,Healthcare and diagnostics campaign film,,,,video-healthcare.jpg,,Official Ambest Brandcom YouTube channel,published_by_ambest,owner_requested_embed,implemented
M28,https://www.youtube.com/watch?v=Ohj3Uh9IEjo,video,Bryan and Candy celebrity ad film,,,,video-celebrity.jpg,bryan-candy,Official Ambest Brandcom YouTube channel,published_by_ambest,owner_requested_embed,implemented
M29,https://www.youtube.com/watch?v=sNsCuniNPjg,video,Human creativity with AI-led video,,,,video-ai.jpg,,Official Ambest Brandcom YouTube channel,published_by_ambest,owner_requested_embed,implemented
